<?xml version="1.0" encoding="UTF-8"?><?xml-stylesheet type='text/xsl' href='_UpgradeReport_Files/UpgradeReport.xslt'?><UpgradeLog>
<Properties><Property Name="Solution" Value="ProductManagement">
</Property><Property Name="Solution File" Value="D:\Projects\ProductManagement\ProductManagement.sln">
</Property><Property Name="Date" Value="2008年6月20日">
</Property><Property Name="Time" Value="上午 06:55">
</Property></Properties><Event ErrorLevel="0" Project="UserReg" Source="UserReg\UserReg.csproj" Description="Project converted successfully">
</Event><Event ErrorLevel="3" Project="UserReg" Source="UserReg\UserReg.csproj" Description="Converted">
</Event><Event ErrorLevel="0" Project="Huanlin" Source="..\HuanlinLib\Huanlin\Huanlin.csproj" Description="The project file does not require conversion.">
</Event><Event ErrorLevel="3" Project="Huanlin" Source="..\HuanlinLib\Huanlin\Huanlin.csproj" Description="No Conversion Required">
</Event><Event ErrorLevel="0" Project="ProductService" Source="ProductService\ProductService.csproj" Description="Project converted successfully">
</Event><Event ErrorLevel="3" Project="ProductService" Source="ProductService\ProductService.csproj" Description="Converted">
</Event><Event ErrorLevel="0" Project="LicenseKeyGen" Source="LicenseKeyGen\LicenseKeyGen.csproj" Description="Project converted successfully">
</Event><Event ErrorLevel="3" Project="LicenseKeyGen" Source="LicenseKeyGen\LicenseKeyGen.csproj" Description="Converted">
</Event><Event ErrorLevel="0" Project="ChkReg" Source="ChkReg\ChkReg.csproj" Description="Project converted successfully">
</Event><Event ErrorLevel="3" Project="ChkReg" Source="ChkReg\ChkReg.csproj" Description="Converted">
</Event><Event ErrorLevel="0" Project="" Source="ProductManagement.sln" Description="Solution converted successfully">
</Event><Event ErrorLevel="3" Project="" Source="ProductManagement.sln" Description="Converted">
</Event><Event ErrorLevel="0" Project="UserReg" Source="UserReg\UserReg.csproj" Description="Scan complete: Upgrade not required for project files.">
</Event><Event ErrorLevel="0" Project="ProductService" Source="ProductService\ProductService.csproj" Description="Scan complete: Upgrade not required for project files.">
</Event><Event ErrorLevel="0" Project="LicenseKeyGen" Source="LicenseKeyGen\LicenseKeyGen.csproj" Description="Scan complete: Upgrade not required for project files.">
</Event><Event ErrorLevel="0" Project="ChkReg" Source="ChkReg\ChkReg.csproj" Description="Scan complete: Upgrade not required for project files.">
</Event></UpgradeLog>