﻿<RSAKeyValue><Modulus>ruaEYJRk8DHvjyEzNuNZ9YNHdubbGJeWFc9SZeG3LvKegHOXg/f3cn88RjeRNNfPGbs/2byN7iCkBXp5Io6Ie4olNjEwyb3feJ4JVkjdJjsMraR7qFWrVweOA805ttnVhK8htEbCaiiHJZS0k93u+N5AAaNAgJPRd9dvt3DZAck=</Modulus><Exponent>AQAB</Exponent><P>7YYsCzVPnYjJsDeUr2W3BfW49NQxDHSGJS+S6fk1XjXrUToeiRi98cWz21cFwQ2uGUewnHDf5Ai1kQoj4DpdFQ==</P><Q>vIFRSgu46L+YSAyVYHxcIevJ8VfEFWEaXwI6ZeZFORbZGM4bHNf6OpyRHXwz+eHJTfHbOs7nulb7SglB9nBG5Q==</Q><DP>Ete1AMKe6UFjtp4CJpPsHAXtQUbgCTvpNGP8xKDncezXGR+CMqAK2XY0mW7i3vjF2e2M/iwaJs3mEXZ7eBtJLQ==</DP><DQ>Duwdx0LOTH5+S5XTbWPq1zSXM+fCuf6J2+ONQ+vKpw5L+U63jrz6LhGe2zqt0qYxDV6MAEfIyFOCaQX6lsukkQ==</DQ><InverseQ>fCRx8Usu4ZBzq8f4HsPdTrtdsqfztoA6c4VY6gEb+OISd7OARj5ICqLMhV0j8BjGy6Z3aO+PD/aoMFM0g5LoxQ==</InverseQ><D>TPHdCyA9x+4wFiflACDFUt2OcyDdAtStkqrC9U9354+Va61u2wAcPKL9QWbw2u6Wjhty27e4OSri/gYDhNBv+i4+5TTdJYPvVGdZdzsaOioUs5lGNvB29PSVfONo71nWD8BWlTxrBIKJNsddPOpovew/S1OUfcp9Y61icAQEogE=</D></RSAKeyValue>