<publishData>
  <publishTarget publishUrl="http://localhost/ProductService/">
    <file relUrl="PrivateKey.xml" publishTime="11/15/2007 18:34:42" />
    <file relUrl="bin/.svn/prop-base/Huanlin.AppBlock.dll.svn-base" publishTime="10/03/2008 13:13:33" />
    <file relUrl="bin/Huanlin.dll" publishTime="11/13/2008 14:15:18" />
    <file relUrl="bin/Huanlin.AppBlock.pdb" publishTime="11/13/2008 18:49:31" />
    <file relUrl="bin/.svn/text-base/ProductService.pdb.svn-base" publishTime="11/13/2008 20:08:15" />
    <file relUrl="bin/.svn/text-base/Huanlin.AppBlock.pdb.svn-base" publishTime="11/13/2008 20:08:15" />
    <file relUrl="bin/.svn/text-base/Huanlin.dll.svn-base" publishTime="11/13/2008 20:08:15" />
    <file relUrl="bin/.svn/prop-base/Huanlin.pdb.svn-base" publishTime="10/03/2008 13:13:33" />
    <file relUrl="bin/Huanlin.AppBlock.dll" publishTime="11/13/2008 18:49:31" />
    <file relUrl="bin/ProductService.dll" publishTime="11/20/2008 10:13:43" />
    <file relUrl="bin/ProductService.pdb" publishTime="11/20/2008 10:13:42" />
    <file relUrl="bin/Huanlin.pdb" publishTime="11/13/2008 14:15:18" />
    <file relUrl="LicenseManager.asmx" publishTime="11/15/2007 18:34:42" />
    <file relUrl="bin/.svn/text-base/ProductService.dll.svn-base" publishTime="11/13/2008 20:08:16" />
    <file relUrl="bin/.svn/text-base/Huanlin.AppBlock.dll.svn-base" publishTime="11/13/2008 20:08:15" />
    <file relUrl="bin/.svn/format" publishTime="08/06/2008 15:06:56" />
    <file relUrl="bin/.svn/all-wcprops" publishTime="11/20/2008 10:03:58" />
    <file relUrl="Web.config" publishTime="07/04/2008 08:59:11" />
    <file relUrl="bin/.svn/entries" publishTime="11/20/2008 10:03:58" />
    <file relUrl="bin/.svn/text-base/Huanlin.pdb.svn-base" publishTime="11/13/2008 20:08:15" />
    <file relUrl="bin/.svn/prop-base/Huanlin.AppBlock.pdb.svn-base" publishTime="10/03/2008 13:13:33" />
    <file relUrl="bin/.svn/prop-base/Huanlin.dll.svn-base" publishTime="10/03/2008 13:13:33" />
    <file relUrl="PublicKey.xml" publishTime="11/15/2007 18:34:42" />
    <file relUrl="bin/.svn/prop-base/ProductService.dll.svn-base" publishTime="10/03/2008 13:13:33" />
    <file relUrl="bin/.svn/prop-base/ProductService.pdb.svn-base" publishTime="10/03/2008 13:13:33" />
  </publishTarget>
</publishData>