<?xml version="1.0" encoding="utf-8" standalone="no"?>
<!DOCTYPE dotfuscator SYSTEM "http://www.preemptive.com/dotfuscator/dtd/dotfuscator_v2.1.dtd">
<dotfuscator version="2.1">
  <!--This is application generated code. Do not edit manually.-->
  <input>
    <asmlist>
      <inputassembly>
        <file dir="D:\Projects\Braille\EasyBrailleEdit\AllOutput\Release" name="Huanlin.Braille.dll" />
      </inputassembly>
      <inputassembly>
        <file dir="D:\Projects\Braille\EasyBrailleEdit\AllOutput\Release" name="EasyBrailleEdit.exe" />
      </inputassembly>
      <inputassembly>
        <file dir="D:\Projects\Braille\EasyBrailleEdit\AllOutput\Release" name="Huanlin.WinForms.dll" />
      </inputassembly>
      <inputassembly>
        <file dir="D:\Projects\Braille\EasyBrailleEdit\AllOutput\Release" name="Huanlin.dll" />
      </inputassembly>
      <inputassembly>
        <file dir="D:\Projects\Braille\EasyBrailleEdit\AllOutput\Release" name="Txt2Brl.exe" />
      </inputassembly>
      <inputassembly>
        <file dir="D:\Projects\Braille\EasyBrailleEdit\AllOutput\Release" name="Huanlin.AppBlock.dll" />
      </inputassembly>
    </asmlist>
  </input>
  <output>
    <file dir="${configdir}\Dotfuscated" />
  </output>
  <renaming>
    <excludelist>
      <namespace name="EasyBrailleEdit.ProductService" />
      <namespace name="EasyBrailleEdit.Properties" />
      <type name="Huanlin.Braille.BrailleDocument">
        <field name="m_CellsPerLine" />
        <field name="m_FileName" />
        <field name="m_Lines" />
        <field name="m_Title" />
      </type>
      <type name="Huanlin.Braille.BrailleWord">
        <field name="m_ActivePhoneticIndex" />
        <field name="m_Blank" />
        <field name="m_CellList" />
        <field name="m_DontBreakLineHere" />
        <field name="m_IsControl" />
        <field name="m_Language" />
        <field name="m_PhoneticCodes" />
        <field name="m_Text" />
      </type>
      <type name="Huanlin.Braille.BrailleCell">
        <field name="m_AllCells" />
        <field name="m_Value" />
      </type>
      <type name="Huanlin.Braille.BrailleCellList">
        <field name="m_Cells" />
      </type>
      <type name="Huanlin.Braille.BrailleLanguage" />
      <type name="Huanlin.Braille.BrailleLine">
        <field name="m_Words" />
      </type>
      <type name="Huanlin.Braille.BraillePageTitle" />
      <type name="Huanlin.Chinese.ImmPhrase">
        <field name="Text" />
        <field name="ZhuyinList" />
      </type>
    </excludelist>
    <mapping>
      <mapoutput overwrite="true">
        <file dir="${configdir}\Dotfuscated" name="Map.xml" />
      </mapoutput>
    </mapping>
  </renaming>
</dotfuscator>