<?xml version="1.0" encoding="UTF-8"?><?xml-stylesheet type='text/xsl' href='_UpgradeReport_Files/UpgradeReport.xslt'?><UpgradeLog>
<Properties><Property Name="Solution" Value="LicenseLayout">
</Property><Property Name="Solution File" Value="D:\Projects\LicenseLayout\LicenseLayout.sln">
</Property><Property Name="Date" Value="2007年11月14日">
</Property><Property Name="Time" Value="上午 10:42">
</Property></Properties><Event ErrorLevel="0" Project="LicenseLayout" Source="LicenseLayout\LicenseLayout.csproj" Description="Project converted successfully">
</Event><Event ErrorLevel="3" Project="LicenseLayout" Source="LicenseLayout\LicenseLayout.csproj" Description="Converted">
</Event><Event ErrorLevel="0" Project="LicenseKey" Source="LicenseKey\LicenseKey.csproj" Description="Project converted successfully">
</Event><Event ErrorLevel="3" Project="LicenseKey" Source="LicenseKey\LicenseKey.csproj" Description="Converted">
</Event><Event ErrorLevel="0" Project="LicenseNunit" Source="LicenseNunit\LicenseNunit.csproj" Description="Project converted successfully">
</Event><Event ErrorLevel="3" Project="LicenseNunit" Source="LicenseNunit\LicenseNunit.csproj" Description="Converted">
</Event><Event ErrorLevel="0" Project="" Source="LicenseLayout.sln" Description="Solution converted successfully">
</Event><Event ErrorLevel="3" Project="" Source="LicenseLayout.sln" Description="Converted">
</Event><Event ErrorLevel="0" Project="LicenseLayout" Source="LicenseLayout\LicenseLayout.csproj" Description="Scan complete: Upgrade not required for project files.">
</Event><Event ErrorLevel="0" Project="LicenseKey" Source="LicenseKey\LicenseKey.csproj" Description="Scan complete: Upgrade not required for project files.">
</Event><Event ErrorLevel="0" Project="LicenseNunit" Source="LicenseNunit\LicenseNunit.csproj" Description="Scan complete: Upgrade not required for project files.">
</Event></UpgradeLog>